no,brand,name,old_price,new_price,ml,concentration,department,scents,base_note,middle_note,item_rating,seller,seller_rating,num_seller_ratings,combined_notes,cluster
7,DORALL COLLECTION,Gold Secret,43,12.35,100,edt,Men,fruity,labdanum and musk,lavender and cloves,2.09,B.A.G,3.07,14.1K,fruity labdanum and musk lavender and cloves,2
11,Calvin Klein,IN 2 U MEN,152,85.0,100,edt,Men,citrus,white musk vetiver and cedar,cacao pod,3.07,AMLAQ,3.09,135,citrus white musk vetiver and cedar cacao pod,2
33,Rasasi,Al Wisam Day,177,76.0,100,edp,Men,oriental,oak moss and rich and musty oud,amber nuanced clary sage soft and milky sandalwood and woody cedarwood,4.03,hadayiq baris,3.08,122,oriental oak moss and rich and musty oud amber nuanced clary sage soft and milky sandalwood and woody cedarwood,2
47,GIORGIO ARMANI,Stronger With You,415,170.0,100,edt,Men,vanilla,vanilla chestnut cedar amber wood guaiac wood,pineapple sage melon cinnamon lavender,4.05,hadayiq baris,3.08,122,vanilla vanilla chestnut cedar amber wood guaiac wood pineapple sage melon cinnamon lavender,2
49,HERMES,Terre D'Hermes,15,9.55,2,edt,Men,citrus,patchouli cedar vetiver and benzoin,pepper and pelargonium,5.0,beautiful lady,3.08,23,citrus patchouli cedar vetiver and benzoin pepper and pelargonium,2
63,BURBERRY,Mr. Burberry,515,179.95,100,edp,Men,woody,patchouli amber sandalwood vetiver benzoin and cinnamon,lavender cedar nutmeg,4.05,noon,4.02,98.1K,woody patchouli amber sandalwood vetiver benzoin and cinnamon lavender cedar nutmeg,2
66,BURBERRY,Mr. Burberry,295,200.0,100,edp,Men,woody,patchouli amber sandalwood vetiver benzoin cinnamon,lavender cedar nutmeg,5.0,Star.perfume,3.09,537,woody patchouli amber sandalwood vetiver benzoin cinnamon lavender cedar nutmeg,2
69,UNITED COLORS OF BENETTON,Cold,51,27.95,100,edt,Women,spicy,amber frankincense musk patchouli vanilla vetiver,coriander cumin pimiento,4.0,top langri,4.02,347,spicy amber frankincense musk patchouli vanilla vetiver coriander cumin pimiento,2
75,HUGO BOSS,Dark Blue,159,129.0,75,edt,Men,citrus,benzoin olibanum patchouli and suede,pelargonium cypress and sage,4.05,Diorworld,3.06,30,citrus benzoin olibanum patchouli and suede pelargonium cypress and sage,2
78,DORALL COLLECTION,Molto Carina,27,8.55,100,edt,Women,woody,musk lactone woody amber,tropical fruits peach jasmin water,4.0,B.A.G,3.07,14.1K,woody musk lactone woody amber tropical fruits peach jasmin water,2
80,PACO RABANNE,1 Million,395,173.0,100,edt,Men,woody,indian patchouli amber woody notes and leather,rose absolute musk and cinnamon bark,3.08,Al-Najm,3.07,347,woody indian patchouli amber woody notes and leather rose absolute musk and cinnamon bark,2
93,MONTBLANC,Emblem Absolu,395,116.0,100,edt,Men,spicy,patchouli vetiver and moss,pink pepper lavender fruits and honey,4.07,Modon,3.09,537,spicy patchouli vetiver and moss pink pepper lavender fruits and honey,2
109,Dior,Sauvage,1176,240.85,100,edt,Men,fresh,cedar labdanum ambroxan,geranium lavender sichuan pepper elemi pink pepper vetiver patchouli,3.08,ثروة الجمال,3.09,61,fresh cedar labdanum ambroxan geranium lavender sichuan pepper elemi pink pepper vetiver patchouli,2
111,Dupont,Passenger,95,95.0,100,edt,Men,woody,guaiac wood benzoin,ginger cardamom pink pepper and lavender,4.05,Beautiful Live,412.0,7,woody guaiac wood benzoin ginger cardamom pink pepper and lavender,2
113,Calvin Klein,Euphoria,220,91.95,100,edt,Men,woody,amber patchouli brazilian redwood suede,black basil sage cedar,5.0,noon,4.02,98.1K,woody amber patchouli brazilian redwood suede black basil sage cedar,2
130,Calvin Klein,Euphoria Intense,440,99.0,100,edt,Men,spicy,cashmere woods madagascar vanilla burnt amber and australian sandalwood,black basil sage cedar vetiver,4.02,Al-Najm,3.07,347,spicy cashmere woods madagascar vanilla burnt amber and australian sandalwood black basil sage cedar vetiver,2
137,Calvin Klein,Intense Euphoria,290,109.95,100,edt,Men,spicy,labdanum amber patchouli agarwood myrrh,black basil sage cedar vetiver,4.04,noon,4.02,98.1K,spicy labdanum amber patchouli agarwood myrrh black basil sage cedar vetiver,2
139,HERMES,Terre D' Hermes,474,173.0,100,edt,Men,citrus,woody notes patchouli and cedar,geranium,3.09,Boutique Wareef,4.02,98.1K,citrus woody notes patchouli and cedar geranium,2
144,LALIQUE,Lalique,541,249.0,100,edp,Women,woody,white musksandalwoodvanilla,blackberrycassispear,4.04,Faces,3.09,61,woody white musksandalwoodvanilla blackberrycassispear,2
149,PACO RABANNE,One Million,426,287.95,200,edt,Men,woody,blonde leather patchouli white woods amber,rose absolute and cinnamon spices,5.0,noon100  % original genuine product,4.02,98.1K,woody blonde leather patchouli white woods amber rose absolute and cinnamon spices,2
153,Al Fakhr,Ameer Al Oud Khususi,28,12.0,100,edp,Unisex,woody sweet,sandalwood cedarwood,black pepper cardamom,4.01,kikup,3.09,425,woody sweet sandalwood cedarwood black pepper cardamom,2
155,Givenchy,Pour Homme,219,117.0,100,edt,Men,spicy,labdanum ceder,vetiver lavender,4.04,Al-Najm,3.07,347,spicy labdanum ceder vetiver lavender,2
156,Rasasi,Blue,36.95,36.95,100,edt,Men,spicy,amber woody,geranium rose coriander pepper jasmine,5.0,hadayiq baris,3.08,122,spicy amber woody geranium rose coriander pepper jasmine,2
161,LACOSTE,Lacoste,368,115.0,100,edt,Men,citrus,cedar woody notes amber vanilla and musk,black pepper ginger jasmine and almond,4.06,noon,4.02,98.1K,citrus cedar woody notes amber vanilla and musk black pepper ginger jasmine and almond,2
171,Calvin Klein,Intense Euphoria,290,109.95,100,edt,Men,spicy,labdanum amber patchouli agarwood myrrh,black basil sage cedar vetiver,4.04,noon,4.02,98.1K,spicy labdanum amber patchouli agarwood myrrh black basil sage cedar vetiver,2
174,Lattafa,Sheikh Al Shuyukh,63,32.75,50,edp,Unisex,aromatic,vetiver patchouli,lavender sage rosemary,4.08,noon,4.02,98.1K,aromatic vetiver patchouli lavender sage rosemary,2
180,BURBERRY,Brit Splash,278,194.0,100,edt,Men,fresh,moss musk vetiver,cyclamen violet water notes,4.06,Chansles,3.09,33,fresh moss musk vetiver cyclamen violet water notes,2
193,JAGUAR,Classic Amber,87,85.0,100,edt,Men,arabian,cedar wood patchouli vanilla leather vetiver labdanum and musk,cinnamonblack pepperappleorange blossoms and elemi resin,4.03,Abu Al Tayyeb Perfumes,3.09,33,arabian cedar wood patchouli vanilla leather vetiver labdanum and musk cinnamonblack pepperappleorange blossoms and elemi resin,2
199,Al Fakhr,Ameer Al Oud Khususi,28,12.0,100,edp,Unisex,woody sweet,sandalwood cedarwood,black pepper cardamom,4.01,kikup,3.06,425,woody sweet sandalwood cedarwood black pepper cardamom,2
209,LACOSTE,Lacoste,368,115.0,100,edt,Men,citrus,cedar woody notes amber vanilla and musk,black pepper ginger jasmine and almond,4.06,noon,4.02,98.1K,citrus cedar woody notes amber vanilla and musk black pepper ginger jasmine and almond,2
219,Rasasi,Blue,53,35.0,100,edt,Men,spicy,amber woody,coriander geranium jasmine rose and pepper,4.03,hawas,4.02,9,spicy amber woody coriander geranium jasmine rose and pepper,2
220,Dunhill,Desire Silver,192,118.95,100,edt,Men,floral,birch vetiver amber,water notes violet leaf cardamom,5.0,noon,4.02,98.1K,floral birch vetiver amber water notes violet leaf cardamom,2
223,GUCCI,Guilty Absolute,515,299.85,90,edp,Men,woody,woody notes and vetiver,patchouli and cypress,4.03,noon,4.02,98.1K,woody woody notes and vetiver patchouli and cypress,2
230,CARTIER,Declaration,390,240.0,100,edp,Men,fruity,cedar leather amberwood benzointolu  balsam vetiver,cardamom spices cumin,5.0,PARFUM.1990,3.06,111,fruity cedar leather amberwood benzointolu  balsam vetiver cardamom spices cumin,2
231,Marbert,Man,51.95,51.95,125,edt,Men,woody,musk sandalwood patchouli oak moss virginia cedar amber and leather,geraniumjasminelily of the valleymajorjamcoriandernutmeg,5.0,neo lek,3.05,88,woody musk sandalwood patchouli oak moss virginia cedar amber and leather geraniumjasminelily of the valleymajorjamcoriandernutmeg,2
232,Calvin Klein,One Shock,176,106.0,200,edt,Men,spicy,musk patchouli amber and tobacco,black pepper lively black basil and resinous cardamom,5.0,Dior Fragrances,3.09,69,spicy musk patchouli amber and tobacco black pepper lively black basil and resinous cardamom,2
237,LACOSTE,Blanc Pour Homme,356,95.0,100,edt,Men,woody,leather suede and cedar,mexican tuberose and ylangylang,5.0,Cute Shop,3.09,537,woody leather suede and cedar mexican tuberose and ylangylang,2
240,Givenchy,Dahlia Divin Nude,549,300.0,75,edp,Women,fresh,rose vanilla ginger,pine cardamom lavender rosemary,4.05,Beautify,3.06,531,fresh rose vanilla ginger pine cardamom lavender rosemary,2
241,Dolce & Gabbana,The One,299,190.0,100,edt,Men,spicy,ambery cedar wood,cardamom ginger,4.07,hadayiq baris,3.08,122,spicy ambery cedar wood cardamom ginger,2
245,CAROLINA HERRERA,Ch Men Sports,285,115.0,50,edt,Men,woody,sandalwood oak moss and vetiver,sea notes mixed with spices and aromatic accords  sichuan pepper and juniper berries,4.03,Pink Box,4.02,7,woody sandalwood oak moss and vetiver sea notes mixed with spices and aromatic accords  sichuan pepper and juniper berries,2
251,Givenchy,Blue Label,380,143.85,100,edt,Men,spicy,cedar olibanum and vetiver,cardamom lavender and pepper,4.08,hadayiq baris,3.08,122,spicy cedar olibanum and vetiver cardamom lavender and pepper,2
253,LALIQUE,Encre Noire,140,136.0,100,edt,Men,woody,musk cashmere wood,haitian and bourbon vetiver,4.05,Abu Al Tayyeb Perfumes,3.06,76,woody musk cashmere wood haitian and bourbon vetiver,2
255,PACO RABANNE,Black XS,429,310.0,100,edt,Men,woody,black amber and patchouli,praline and cinnamon,4.03,Parfume-Stor,3.09,61,woody black amber and patchouli praline and cinnamon,2
256,AZZARO,Pour Homme,225,133.0,100,edt,Men,woody,leather tonka bean amber musk oakmoss,sandalwood juniper berries patchouli vetiver cedar cardamom,5.0,Instant,3.07,44,woody leather tonka bean amber musk oakmoss sandalwood juniper berries patchouli vetiver cedar cardamom,2
267,joop,Go,175,103.95,100,edt,Men,fresh,musk and balsam fir,cypress violet and bourbon geranium,4.04,Abu Al Tayyeb Perfumes,3.06,111,fresh musk and balsam fir cypress violet and bourbon geranium,2
268,Jacques Bogart,Silver Scent,140,55.0,100,edt,Men,arabian,vetiver litchi tonka bean and teak wood,cardamom rosemary nutmeg lavender coriander and geranium,4.05,Lady Style,4.03,88,arabian vetiver litchi tonka bean and teak wood cardamom rosemary nutmeg lavender coriander and geranium,2
273,Jimmy Choo,jimmy,329,185.0,100,edt,Men,fruity,amber patchouli suede,geranium pineapple leaf pink pepper,4.04,Star.perfume,3.09,537,fruity amber patchouli suede geranium pineapple leaf pink pepper,2
274,MONTBLANC,Explorer,12,9.05,2,edp,Men,woody,vetiver leather cedarwood,patchouli mahonial ambrofix,4.08,Princess of beauty,3.08,467,woody vetiver leather cedarwood patchouli mahonial ambrofix,2
280,jil sander,Jil Sander,310,175.0,125,edt,Men,spicy,oakmoss cedar nutmeg woody notes,carnation geranium cinnamon patchouli,5.0,hadayiq baris,3.08,122,spicy oakmoss cedar nutmeg woody notes carnation geranium cinnamon patchouli,2
285,HUGO BOSS,Hugo Boss,214,95.0,125,edt,Men,fresh,patchouli fir cedar,carnation sage geranium jasmine,4.05,Cute Shop,4.02,425,fresh patchouli fir cedar carnation sage geranium jasmine,2
288,HUGO BOSS,Hugo,395,115.0,125,edt,Men,aromatic,cedar wood fir patchouli,carnation geranium jasmine sage,4.02,Grass gulf,3.05,135,aromatic cedar wood fir patchouli carnation geranium jasmine sage,2
289,Calvin Klein,One Shock,177,102.0,200,edt,Men,spicy,amber patchouli woodsy notes musk,cardamom pepper basil osmanthus,4.07,AMLAQ,3.09,135,spicy amber patchouli woodsy notes musk cardamom pepper basil osmanthus,2
291,GIORGIO ARMANI,Eau De Cedre,1204,470.0,100,edt,Men,woody,suede cedar essence black tea woody notes,violet leaf cardamom and cumin,4.07,MOON LIGHT,3.08,76,woody suede cedar essence black tea woody notes violet leaf cardamom and cumin,2
301,VERSACE,Oud Noir,500,260.0,100,edp,Men,woody,agarwood patchouli leatherwood,cardamom saffron olibanum,4.05,Lady Style,4.02,124,woody agarwood patchouli leatherwood cardamom saffron olibanum,2
315,PRADA,Milano Infusion D'iris,500,338.0,100,edp,Women,woody,incense and benzoin,iris cedar and vetiver,5.0,Shopping life,4.02,20,woody incense and benzoin iris cedar and vetiver,2
326,BVLGARI,Aqva Marine Pour Homme,331,163.95,100,edt,Men,citrus,virginia cedar amber,seaweed rosemary water notes,4.08,hadayiq baris,3.08,122,citrus virginia cedar amber seaweed rosemary water notes,2
328,Jacques Bogart,Silver Scent,140,55.0,100,edt,Men,arabian,vetiver litchi tonka bean and teak wood,cardamom rosemary nutmeg lavender coriander and geranium,4.05,Lady Style,3.06,88,arabian vetiver litchi tonka bean and teak wood cardamom rosemary nutmeg lavender coriander and geranium,2
338,LANVIN,Lanvin,139,113.0,100,edt,Men,woody,sandalwood amber musk vanilla,pepper mint sage cardamom,5.0,Chansles,3.09,33,woody sandalwood amber musk vanilla pepper mint sage cardamom,2
345,HUGO BOSS,Hugo,395,115.0,125,edt,Men,aromatic,cedar wood fir patchouli,carnation geranium jasmine sage,4.02,Grass gulf,3.07,135,aromatic cedar wood fir patchouli carnation geranium jasmine sage,2
346,Calvin Klein,Euphoria Intense,99.95,99.95,100,edt,Men,spicy,amber patchouli agarwood myrrh labdanun,black basil sage cedar vetiver,5.0,hadayiq baris,3.08,122,spicy amber patchouli agarwood myrrh labdanun black basil sage cedar vetiver,2
347,MONTBLANC,Legend Spirit,342,140.0,100,edt,Men,citrus,white musk white woods cashmere wood oakmoss,water notes lavender cardamom,4.07,hadayiq baris,3.08,122,citrus white musk white woods cashmere wood oakmoss water notes lavender cardamom,2
351,LOEWE,Esencia Pour Homme,514,177.0,150,edt,Men,woody,tonka bean leather sandalwood fir amber patchouli musk oakmoss vetiver cedar and styrax,clary sage nutmeg basil jasmine neroli lilyofthevalley rose pine tree needles geranium and black currant,5.0,Pinch Of Perfum,4.02,32,woody tonka bean leather sandalwood fir amber patchouli musk oakmoss vetiver cedar and styrax clary sage nutmeg basil jasmine neroli lilyofthevalley rose pine tree needles geranium and black currant,2
379,TRUSSARDI,Uomo,230,138.85,100,edt,Men,spicy,leather moss patchouli,clary sage violet,5.0,noon100% Genuine Product,4.02,98.1K,spicy leather moss patchouli clary sage violet,2
380,DORALL COLLECTION,DC Marine Noir,29,9.07,100,edt,Men,floral,incense amber cedar vetiver patchouli musk,water sage rosemary,3.04,B.A.G,3.07,14.1K,floral incense amber cedar vetiver patchouli musk water sage rosemary,2
385,BENTLEY,Absolute,200,154.0,100,edp,Men,woody,moss agarwood amber atlas cedar,olibanum papyrus sandalwood,5.0,Nawaem_perfumes,3.09,69,woody moss agarwood amber atlas cedar olibanum papyrus sandalwood,2
392,RALPH LAUREN,Polo Blue,465,327.0,125,edp,Men,woody,vetiver,blue orris accord,4.07,top langri,3.09,347,woody vetiver blue orris accord,2
411,Al Fakhr,Shiyoukh Al Oud,08.09,8.09,100,edp,Unisex,woody musky,sandalwood cedarwood,black pepper cardamom,4.05,Bismat Eatar,3.07,66,woody musky sandalwood cedarwood black pepper cardamom,2
428,COACH,New York Platinum,11,7.09,2,edp,Men,oriental,patchouli and vanilla leather,aromatic accords,4.05,Princess of beauty,3.08,467,oriental patchouli and vanilla leather aromatic accords,2
432,Guerlain,Vetiver,426,174.0,100,edt,Men,aromatic,vetiver oakmoss leather myrrh civet tonka bean amber,vetiver pepper carnation sage orris root sandalwood,5.0,Nawaem_perfumes,3.09,69,aromatic vetiver oakmoss leather myrrh civet tonka bean amber vetiver pepper carnation sage orris root sandalwood,2
434,Shirley May,Darknet Pour Homme,11.05,11.05,100,edt,Men,woody,musk and moss,anise cardamom and cinnamon,3.0,Beauty Gallery,3.07,59,woody musk and moss anise cardamom and cinnamon,2
437,DAVIDOFF,The Game,147,77.0,100,edt,Men,woody,ebony wood,iris woody notes,5.0,Cute Shop,4.02,98.1K,woody ebony wood iris woody notes,2
438,PACO RABANNE,Ultraviolet,353,165.0,100,edt,Men,woody,indonesian patchouli and oakmoss,tanzanian black pepper and ambergris,4.04,Star.perfume,3.09,537,woody indonesian patchouli and oakmoss tanzanian black pepper and ambergris,2
441,Guerlain,Santal Royal,768,406.0,125,edp,Unisex,arabian,sandalwood leather note amber notes oud muscs note,peach rose cinnamon,5.0,top langri,3.07,347,arabian sandalwood leather note amber notes oud muscs note peach rose cinnamon,2
451,HUGO BOSS,The Scent,426,135.0,100,edt,Men,spicy,leather woody notes,lavender maninka,3.06,Perfume Ms,3.07,537,spicy leather woody notes lavender maninka,2
458,LOEWE,Esencia Pour Homme,514,177.0,150,edt,Men,woody,tonka bean leather sandalwood fir amber patchouli musk oakmoss vetiver cedar and styrax,clary sage nutmeg basil jasmine neroli lilyofthevalley rose pine tree needles geranium and black currant,5.0,Pinch Of Perfum,3.05,32,woody tonka bean leather sandalwood fir amber patchouli musk oakmoss vetiver cedar and styrax clary sage nutmeg basil jasmine neroli lilyofthevalley rose pine tree needles geranium and black currant,2
460,HUGO BOSS,Boss,375,105.0,100,edt,Men,woody,sandalwood vetiver cedarwood and vanilla,geranium cinnamon and cloves,4.07,Acacia Rose,4.08,77,woody sandalwood vetiver cedarwood and vanilla geranium cinnamon and cloves,2
475,LACOSTE,L.12.12 Blanc,108,89.95,100,edt,Men,woody,virginia cedar leather suede vetiver,ylang,5.0,noon,4.02,98.1K,woody virginia cedar leather suede vetiver ylang,2
478,TRUSSARDI,Extreme,462,127.95,100,edt,Men,woody,vetiver and patchouli,fruitygourmand dark plum and powdery iris,5.0,Perfumes-shop,3.09,537,woody vetiver and patchouli fruitygourmand dark plum and powdery iris,2
481,Roberto Cavalli,Paradiso,500,165.0,75,edp,Women,woody,pine tree cypress and laurels,jasmine,4.06,hadayiq baris,3.08,122,woody pine tree cypress and laurels jasmine,2
482,LALIQUE,Encre Noire,165,140.0,100,edt,Men,woody,sandalwood,lemongrass,4.04,kikup,3.09,23,woody sandalwood lemongrass,2
483,AZZARO,Visit,156,106.0,100,edt,Men,woody,gray amber and musk,lebanese cedar guaiac tree and incense,4.03,Beautiful Live,412.0,7,woody gray amber and musk lebanese cedar guaiac tree and incense,2
489,HUGO BOSS,Bottled Intense,426,157.85,100,edp,Men,spicy,sandalwood cedar vetiver vanilla,geranium cloves cinnamon,4.05,AMLAQ,3.09,135,spicy sandalwood cedar vetiver vanilla geranium cloves cinnamon,2
494,Lattafa,Rouat Al Oud,99,45.0,100,edp,Women,spicy,cedarwood patchouli vetiver musk,cardamom spicy notes,5.0,Rihanna World Store,4.04,8,spicy cedarwood patchouli vetiver musk cardamom spicy notes,2
495,Yves Saint Laurent,La Nuit De L`Homme,536,314.0,100,edt,Men,woody,vetiver caraway,bergamot virginia cedar lavender,5.0,The first fragrance,412.0,7,woody vetiver caraway bergamot virginia cedar lavender,2
498,HERMES,Terre D' Hermes,474,173.0,100,edt,Men,citrus,woody notes patchouli and cedar,geranium,3.09,noon,4.02,98.1K,citrus woody notes patchouli and cedar geranium,2
502,BENTLEY,Intense,169,128.0,100,edp,Men,spicy,leather benzoin incense cedar and patchouli,clary sage african geranium cinnamon rum and wood,4.03,Parisian Store,3.09,425,spicy leather benzoin incense cedar and patchouli clary sage african geranium cinnamon rum and wood,2
505,LALIQUE,Encre Noire,485,136.95,100,edt,Men,woody,cashmere wood musk,haitian vetiver,4.05,Parvant Store,3.07,76,woody cashmere wood musk haitian vetiver,2
506,Yves Saint Laurent,Rive Gauche Homme,560,560.0,80,edt,Men,aromatic,gaiac wood,patchouli and vetiver,4.07,Abu Al Tayyeb Perfumes,3.05,63,aromatic gaiac wood patchouli and vetiver,2
528,CHANEL,Bleu De Chanel,920,245.0,100,edt,Men,citrus,labdanum sandalwod patchouli vetiver incense cedar white musk,ginger iso e super nutmeg jasmine,4.08,The smart store,3.07,319,citrus labdanum sandalwod patchouli vetiver incense cedar white musk ginger iso e super nutmeg jasmine,2
536,AZZARO,Visit,310,110.0,100,edt,Men,woody,amber musk,labdanum guaiac wood incense cedar,1.0,Star.perfume,3.09,537,woody amber musk labdanum guaiac wood incense cedar,2
538,CHANEL,Bleu De Chanel,930,374.0,100,edp,Men,woody,incense amber cedar sandalwood patchouli labdanum amber wood,ginger jasmine nutmeg melon,4.07,Perfume Ms,3.09,66,woody incense amber cedar sandalwood patchouli labdanum amber wood ginger jasmine nutmeg melon,2
553,Dolce & Gabbana,The One Royal Night,630,290.75,100,edp,Men,woody,sandalwood cedar amber and labdanum,pear wood and nutmeg,5.0,AMLAQ,3.09,135,woody sandalwood cedar amber and labdanum pear wood and nutmeg,2
554,Givenchy,Xeryus Rouge,259,199.0,100,edt,Men,woody,leather amber musk oakmoss balsam fir vetiver incense and cedar,cyclamen coriander carnation cypress sandalwood juniper berries cinnamon tarragon petitgrain and geranium,4.04,Brides Palace,3.05,32,woody leather amber musk oakmoss balsam fir vetiver incense and cedar cyclamen coriander carnation cypress sandalwood juniper berries cinnamon tarragon petitgrain and geranium,2
560,COACH,New York,05.06,5.06,2,edt,Men,citrus,vetiver suede ambergris,cardamom coriander geranium,4.07,Princess of beauty,3.08,467,citrus vetiver suede ambergris cardamom coriander geranium,2
563,LOEWE,Esencia,529,200.0,100,edt,Men,woody,cedar musk sandalwood,cardamom pepper,4.05,Parfume-Stor,4.03,118,woody cedar musk sandalwood cardamom pepper,2
577,S.T.Dupont,Passenger,294,99.0,100,edt,Men,spicy,paraguayan lignum vitae indonesian patchouli laotian benzoin and copper accords,indian ginger  guatemalan cardamom mauritanian red pepper and lavender,5.0,London store,3.07,23,spicy paraguayan lignum vitae indonesian patchouli laotian benzoin and copper accords indian ginger  guatemalan cardamom mauritanian red pepper and lavender,2
579,HUGO BOSS,Hugo,395,99.0,125,edt,Men,fresh,patchouli fir and cedar,carnation sage geranium and jasmine,4.05,Cute Shop,4.02,98,fresh patchouli fir and cedar carnation sage geranium and jasmine,2
587,LALIQUE,Encre Noire,485,134.95,100,edt,Men,woody,cashmere wood and musk,haiti vetiver and bourbon vetiver,4.05,Abu Al Tayyeb Perfumes,4.02,59,woody cashmere wood and musk haiti vetiver and bourbon vetiver,2
590,Sedr Al-Khaleej Perfumes,For Ever,34.85,34.85,100,edp,Men,fresh,woody musk amber,praline cardamom cinnamon,4.0,noon,4.02,98.1K,fresh woody musk amber praline cardamom cinnamon,2
610,HUGO BOSS,Boss,375,105.0,100,edt,Men,woody,sandalwood vetiver cedarwood and vanilla,geranium cinnamon and cloves,4.07,Acacia Rose,4.04,77,woody sandalwood vetiver cedarwood and vanilla geranium cinnamon and cloves,2
616,Emper,Tool Box,88,54.95,100,edt,Men,oriental,geranium amber white musks,patchouli vetiver lavender,5.0,Golen Dream,3.08,88,oriental geranium amber white musks patchouli vetiver lavender,2
624,TOM FORD,Black Orchid,495,211.0,50,edp,Women,spicy,incenselotuspatchoulisandalwoodvanillavetiver,black orchidfruity notestuberose,5.0,Number One,3.07,347,spicy incenselotuspatchoulisandalwoodvanillavetiver black orchidfruity notestuberose,2
627,HUGO BOSS,Boss Bottled Man Of Today,487,177.0,100,edt,Men,woody,vanilla sandalwood vetiver cedarwood olivewood amberlikenotes musklikenotes,geranium cinnamon cloves,4.01,Acacia Rose,4.04,5,woody vanilla sandalwood vetiver cedarwood olivewood amberlikenotes musklikenotes geranium cinnamon cloves,2
641,Aramis,Brown,161,104.0,110,edt,Men,floral,leather oakmoss amber,pelargonium patchouli vetiver sandalwood,4.0,top langri,3.07,347,floral leather oakmoss amber pelargonium patchouli vetiver sandalwood,2
672,LACOSTE,L.12.12 Blanc,244,88.0,100,edt,Men,woody,leather suede and cedar,mexican tuberose and ylangylang,3.07,hadayiq baris,3.08,122,woody leather suede and cedar mexican tuberose and ylangylang,2
682,DAVIDOFF,The Game,215,83.95,100,edt,Men,woody,ebony wood,iris woody notes,4.09,noon,4.02,98.1K,woody ebony wood iris woody notes,2
686,LACOSTE,Challenge,300,144.95,90,edt,Men,citrus,ginger jasmine juniper nutmeg pepper violet and whisky,amber musk and wood,4.08,Beautiful Live,3.09,7,citrus ginger jasmine juniper nutmeg pepper violet and whisky amber musk and wood,2
699,CHANEL,Bleu De Chanel,920,245.0,100,edt,Men,citrus,labdanum sandalwod patchouli vetiver incense cedar white musk,ginger iso e super nutmeg jasmine,4.08,The smart store,4.01,319,citrus labdanum sandalwod patchouli vetiver incense cedar white musk ginger iso e super nutmeg jasmine,2
701,Arabian Oud,Sheikh Al Shuyukh,54,54.0,100,edp,Men,woody,vetiver and patchouli,lavender sage and rosemary,5.0,VIP.PARFUME,445.0,8,woody vetiver and patchouli lavender sage and rosemary,2
704,CHANEL,Bleu De Chanel,930,374.0,100,edp,Men,woody,incense amber cedar sandalwood patchouli labdanum amber wood,ginger jasmine nutmeg melon,4.07,Perfume Ms,4.01,66,woody incense amber cedar sandalwood patchouli labdanum amber wood ginger jasmine nutmeg melon,2
705,Lattafa,Musk Mood,48,48.0,100,edp,Unisex,woody,musk incense amber resins woody note,patchouli caramel agarwood oud floral notes,5.0,Rihanna World Store,445.0,8,woody musk incense amber resins woody note patchouli caramel agarwood oud floral notes,2
712,JAGUAR,Classic Black,60,60.0,100,edt,Men,aromatic,sandalwood oakmoss tonka beans virginia cedar vetiver musk,cardamom with black tea leaves geranium nutmeg,4.03,perfumes--addresses,4.04,59,aromatic sandalwood oakmoss tonka beans virginia cedar vetiver musk cardamom with black tea leaves geranium nutmeg,2
715,DIESEL,Plus Plus Masculine,50,30.0,75,edt,Men,spicy,vetiver musk sandalwood patchouli oak moss nutmeg clove cinnamon tonka bean and anise,jasmine birch sage cardamom coriander lilyofthevalley violet and green notes,4.05,Attractive perfume,3.08,244,spicy vetiver musk sandalwood patchouli oak moss nutmeg clove cinnamon tonka bean and anise jasmine birch sage cardamom coriander lilyofthevalley violet and green notes,2
727,LALIQUE,Encre Noire,485,134.95,100,edt,Men,woody,cashmere wood and musk,haiti vetiver and bourbon vetiver,4.05,Abu Al Tayyeb Perfumes,3.06,59,woody cashmere wood and musk haiti vetiver and bourbon vetiver,2
729,LALIQUE,Encre Noire,485,136.95,100,edt,Men,woody,cashmere wood musk,haitian vetiver,4.05,Parvant Store,4.01,76,woody cashmere wood musk haitian vetiver,2
753,Al Fakhr,Kalam Al Oud,13.03,13.03,100,edp,Unisex,woody,sandalwood cedarwood,black pepper cardamom,3.03,the beauty,4.01,538,woody sandalwood cedarwood black pepper cardamom,2
767,LANVIN,L'Homme,110,110.0,100,edt,Men,spicy,sandalwood amber musk,comprise pepper mint sage cardamom,5.0,Queen Beauty,3.09,135,spicy sandalwood amber musk comprise pepper mint sage cardamom,2
774,PACO RABANNE,One Million,319,319.0,200,edt,Men,woody,amber leather,cinnamon rose,4.05,Number One,3.05,75,woody amber leather cinnamon rose,2
777,DAVIDOFF,The Game,215,83.95,100,edt,Men,woody,ebony wood,iris woody notes,4.09,noon,4.02,98.1K,woody ebony wood iris woody notes,2
778,HUGO BOSS,Boss The Scent,426,133.0,100,edt,Men,spicy,leather,maninka fruit and lavender,4.06,Perfume Ms,3.09,537,spicy leather maninka fruit and lavender,2
779,SWISS ARABIAN,Bakhoor Al Arais,15,15.0,50,edp,Unisex,arabian,amber palisander rosewood,cedar spicy,4.06,hawas,454.0,9,arabian amber palisander rosewood cedar spicy,2
782,Ferrari,Cedar Essence,360,106.0,100,edp,Men,woody,patchouli and amber,marine and watermelon,4.04,AMLAQ,3.09,135,woody patchouli and amber marine and watermelon,2
784,DORALL COLLECTION,Islanders,9,9.0,100,edt,Men,woody,guaiac wood oakmoss patchouli ambergris,bay leaf jasmine,3.04,Beauty Gallery,3.07,59,woody guaiac wood oakmoss patchouli ambergris bay leaf jasmine,2
787,al raheeb,Oud Khurafi,36,36.0,100,edp,Unisex,fresh,cashmeran ambroxan musk,woody,5.0,beautiful lady,445.0,8,fresh cashmeran ambroxan musk woody,2
789,PACO RABANNE,Black Xs Potion,162,162.0,100,edt,Men,woody,labdanum rum,wormwood cashmere wood,4.03,Beautiful Live,412.0,7,woody labdanum rum wormwood cashmere wood,2
813,MB,Tim Tom Leather Black,19,19.0,100,edp,Men,fresh,rose vanilla ginger,pine cardamom lavender rosemary,3.03,Beautify,3.06,528,fresh rose vanilla ginger pine cardamom lavender rosemary,2
814,DIESEL,Plus Plus Masculine,50,30.0,75,edt,Men,spicy,vetiver musk sandalwood patchouli oak moss nutmeg clove cinnamon tonka bean and anise,jasmine birch sage cardamom coriander lilyofthevalley violet and green notes,4.05,Attractive perfume,3.05,244,spicy vetiver musk sandalwood patchouli oak moss nutmeg clove cinnamon tonka bean and anise jasmine birch sage cardamom coriander lilyofthevalley violet and green notes,2
815,LACOSTE,EDTTouch Of Pink For Wom,335,89.0,90,edt,Women,citrus,woody musk and vanilla,jasmine carrot and spicy coriander,4.08,Cute Shop,3.07,98,citrus woody musk and vanilla jasmine carrot and spicy coriander,2
816,GUCCI,Guilty Absolute,515,230.0,90,edp,Men,woody,woody notes vetiver,patchouli cypress,4.01,Rayhanti,3.08,537,woody woody notes vetiver patchouli cypress,2
819,MB,Sweetheart Rockstar,10.08,10.08,100,edp,Women,fresh,rose vanilla ginger,pine cardamom lavender rosemary,4.05,Beautify,3.06,531,fresh rose vanilla ginger pine cardamom lavender rosemary,2
822,ST Dupont,Passenger,103,103.0,100,edt,Men,spicy,guaiac wood benzoin,ginger cardamom pink pepper and lavender,5.0,Beautiful Live,412.0,7,spicy guaiac wood benzoin ginger cardamom pink pepper and lavender,2
830,Alina Corel,For Ever,33.85,33.85,100,edp,Men,spicy,guaiac wood benzoin,ginger cardamom pink pepper and lavender,5.0,Beautiful Live,412.0,7,spicy guaiac wood benzoin ginger cardamom pink pepper and lavender,2
834,PACO RABANNE,1 Million,395,172.0,100,edt,Men,woody,leather woody notes amber indian patchouli,rose cinnamon spicy notes,4.06,Al-Najm,3.07,347,woody leather woody notes amber indian patchouli rose cinnamon spicy notes,2
844,BURBERRY,Mr. Burberry,515,179.95,100,edp,Men,woody,patchouli amber sandalwood vetiver benzoin and cinnamon,lavender cedar nutmeg,4.05,noon,4.02,98.1K,woody patchouli amber sandalwood vetiver benzoin and cinnamon lavender cedar nutmeg,2
861,LALIQUE,Encre Noire,165,140.0,100,edt,Men,woody,sandalwood,lemongrass,4.04,kikup,3.06,23,woody sandalwood lemongrass,2
876,HUGO BOSS,Boss The Scent,426,133.0,100,edt,Men,spicy,leather,maninka fruit and lavender,4.06,Perfume Ms,4.01,537,spicy leather maninka fruit and lavender,2
879,LACOSTE,L.12.12 Blanc,244,88.0,100,edt,Men,woody,leather suede and cedar,mexican tuberose and ylangylang,3.07,hadayiq baris,3.08,122,woody leather suede and cedar mexican tuberose and ylangylang,2
888,Roberto Cavalli,Just Cavalli,357,101.95,90,edt,Men,woody,leather,vetiver,4.08,noon,4.02,98.1K,woody leather vetiver,2
891,Givenchy,Pour Homme,375,117.85,100,edt,Men,spicy,labdanum cedar,vetiver lavender extract,4.07,hadayiq baris,3.08,122,spicy labdanum cedar vetiver lavender extract,2
919,DAVIDOFF,Adventure,210,219.0,100,edt,Men,woody,vetivercederwhitemusk,warm spices of wild aromatic black sesame and south american pimento,4.05,garmid,3.07,98,woody vetivercederwhitemusk warm spices of wild aromatic black sesame and south american pimento,2
926,GUCCI,Guilty Absolute,515,230.0,90,edp,Men,woody,woody notes vetiver,patchouli cypress,4.01,Rayhanti,3.05,537,woody woody notes vetiver patchouli cypress,2
936,Dolce & Gabbana,K,26,14.01,100,edt,Men,aromatic,woody masculine cedarwood vetiver patchouli accords,pimento clary sage geranium lavandin,3.0,beautiful lady,4.03,5,aromatic woody masculine cedarwood vetiver patchouli accords pimento clary sage geranium lavandin,2
940,GIORGIO ARMANI,Stronger With You,415,170.0,100,edt,Men,vanilla,vanilla chestnut cedar amber wood guaiac wood,pineapple sage melon cinnamon lavender,4.05,hadayiq baris,3.08,122,vanilla vanilla chestnut cedar amber wood guaiac wood pineapple sage melon cinnamon lavender,2
962,Yves Saint Laurent,Kouros Silver,540,190.0,100,edt,Men,fruity,amber and woody notes,sage,4.05,Queen Beauty,3.05,5,fruity amber and woody notes sage,2
966,BVLGARI,Aqva Marine Pour Homme,331,163.95,100,edt,Men,citrus,virginia cedar amber,seaweed rosemary water notes,4.08,hadayiq baris,3.08,122,citrus virginia cedar amber seaweed rosemary water notes,2
983,Roberto Cavalli,Nero Assoluto,515,105.0,75,edp,Women,arabian,ebony woody notes,vanilla,4.06,noon,4.02,98.1K,arabian ebony woody notes vanilla,2
986,Roberto Cavalli,Just Cavalli,357,101.95,90,edt,Men,woody,leather,vetiver,4.08,noon,4.02,98.1K,woody leather vetiver,2
987,HUGO BOSS,Bottled Night,688,250.0,200,edt,Men,woody,musk woody notes,violet,4.05,Lady Style,3.06,5,woody musk woody notes violet,2
994,MONTBLANC,Legend Spirit,342,140.0,100,edt,Men,citrus,white musk white woods cashmere wood oakmoss,water notes lavender cardamom,4.07,hadayiq baris,3.08,122,citrus white musk white woods cashmere wood oakmoss water notes lavender cardamom,2
